Date,Task ID,Name,Method,dTmin,min_dQ,Solve Time,ESM TAC,Stages,N Recovery Units,N CU Units,N HU Units,Total Annual Cost,Model Objective Value,Solver,Solver Status,Verification Failures
2026-06-15T05:23:29Z,pdm-f20f092931d5,P-+--PDM-2,PDM,2.0,0.0,0.17611384391784668,9833442.852739377,4,19,3,2,9833442.852739377,35520.0,apopt,1,
2026-06-15T05:23:29Z,pdm-46b990ed04ae,P-+--PDM-4,PDM,4.0,0.0,0.2066659927368164,5558359.039171758,6,40,2,2,5558359.039171758,37120.0,apopt,1,
2026-06-15T05:23:29Z,pdm-1897087f3f02,P-+--PDM-6,PDM,6.0,0.0,0.5938549041748047,4078705.0871749115,4,27,3,2,4078705.0871749115,45520.0,apopt,1,
2026-06-15T05:23:29Z,pdm-6d1e92eeee74,P-+--PDM-8,PDM,8.0,0.0,0.2463529109954834,3941775.0208550007,3,22,3,4,3941775.0208550007,55610.37037,apopt,1,
2026-06-15T05:23:29Z,pdm-6a97edb0eaab,P-+--PDM-10,PDM,10.0,0.0,0.14616870880126953,3434007.8721263036,3,20,3,2,3434007.8721263036,55680.0,apopt,1,
2026-06-15T05:23:29Z,pdm-6e82acb7c2ac,P-+--PDM-12,PDM,12.0,0.0,0.19285893440246582,3287727.4632463474,4,25,3,2,3287727.4632463474,48291.176471,apopt,1,
2026-06-15T05:23:29Z,pdm-afbf3fb60e09,P-+--PDM-14,PDM,14.0,0.0,0.5166721343994141,3241199.480942283,4,22,3,2,3241199.480942283,49211.176471,apopt,1,
2026-06-15T05:23:29Z,pdm-47dc977bd325,P-+--PDM-16,PDM,16.0,0.0,0.22267913818359375,3093032.1585603594,4,18,3,2,3093032.1585603594,49040.0,apopt,1,
2026-06-15T05:23:29Z,pdm-284824a32ad2,P-+--PDM-18,PDM,18.0,0.0,0.5023448467254639,3041041.604859408,4,22,3,2,3041041.604859408,49960.0,apopt,1,
2026-06-15T05:23:29Z,pdm-e9fa3ef07556,P-+--PDM-20,PDM,20.0,0.0,0.24112415313720703,3309709.9845754,3,16,3,4,3309709.9845754,60587.019892,apopt,1,
2026-06-15T05:23:29Z,tdm-941b8a9554a3,P-S4--TDM-0.5,TDM,2.0,0.5,0.6696581840515137,3176394.361163489,3,10,3,3,3176394.361163489,20647.439597,apopt,1,
2026-06-15T05:23:29Z,tdm-351927c9f13c,P-S4--TDM-0.9,TDM,2.0,0.9,73.74814701080322,3075860.557404046,4,14,3,5,3075860.557404046,21664.58468384409,couenne,1,
2026-06-15T05:23:29Z,tdm-352abfb60567,P-S4--TDM-1.3,TDM,2.0,1.3,84.44632601737976,2971372.874364446,4,13,3,4,2971372.874364446,23840.04155913985,couenne,1,
2026-06-15T05:23:29Z,tdm-cf7c1e0a63ca,P-S4--TDM-1.7,TDM,2.0,1.7,72.81253409385681,3055597.1896294244,4,13,3,3,3055597.1896294244,25886.38547672533,couenne,1,
2026-06-15T05:23:29Z,tdm-d5a7e88d9b5f,P-S4--TDM-2.1,TDM,2.0,2.1,72.19271779060364,3038500.296220501,4,13,3,4,3038500.296220501,27560.344204501558,couenne,1,
2026-06-15T05:23:29Z,tdm-c59db75fed27,P-S4--TDM-2.4,TDM,2.0,2.4,66.26308417320251,3148911.919491006,4,16,3,5,3148911.919491006,28572.56521237493,couenne,1,
2026-06-15T05:23:29Z,tdm-e49917c1944d,P-S4--TDM-2.8,TDM,2.0,2.8,67.36690282821655,3143488.1632926455,4,14,3,4,3143488.1632926455,30258.38059630456,couenne,1,
2026-06-15T05:23:29Z,tdm-cd90516099e8,P-S4--TDM-3.2,TDM,2.0,3.2,66.77137804031372,3194052.5474280207,4,14,3,4,3194052.5474280207,31475.360604929872,couenne,1,
2026-06-15T05:23:29Z,tdm-fedf90a82649,P-S4--TDM-3.6,TDM,2.0,3.6,54.8371148109436,3265739.587803889,4,14,4,5,3265739.587803889,33203.0482246219,couenne,1,
2026-06-15T05:23:29Z,tdm-601a2902a997,P-S4--TDM-4.0,TDM,2.0,4.0,64.42764902114868,3315675.1101005375,4,12,4,5,3315675.1101005375,34560.85249896016,couenne,1,
2026-06-15T05:23:29Z,tdm-4fde9f1eb3bd,P-S6--TDM-0.5,TDM,4.0,0.5,102.13202476501465,3503558.1907179137,6,16,3,3,3503558.1907179137,17998.672897374505,couenne,1,
2026-06-15T05:23:29Z,tdm-652f94d0ad95,P-S6--TDM-0.9,TDM,4.0,0.9,1.035336971282959,3087639.020130798,5,15,3,2,3087639.020130798,21385.31274,apopt,1,
2026-06-15T05:23:29Z,tdm-d513278d571e,P-S6--TDM-1.3,TDM,4.0,1.3,0.7643280029296875,3132356.2688873895,5,13,3,2,3132356.2688873895,22649.192898,apopt,1,
2026-06-15T05:23:29Z,tdm-522ec818d581,P-S6--TDM-1.7,TDM,4.0,1.7,0.8287680149078369,3105419.883011074,5,13,3,3,3105419.883011074,24786.52627,apopt,1,
2026-06-15T05:23:29Z,tdm-92e8420f263b,P-S6--TDM-2.1,TDM,4.0,2.1,0.8380510807037354,3003209.627325635,4,11,3,4,3003209.627325635,26483.405471,apopt,1,
2026-06-15T05:23:29Z,tdm-54c31f65bd77,P-S6--TDM-2.4,TDM,4.0,2.4,0.646702766418457,3111741.23274469,4,16,3,3,3111741.23274469,29630.625234,apopt,1,
2026-06-15T05:23:29Z,tdm-ad6a6e77cb28,P-S6--TDM-2.8,TDM,4.0,2.8,0.7596540451049805,3106708.003115414,5,11,4,4,3106708.003115414,28644.656139,apopt,1,
2026-06-15T05:23:29Z,tdm-f593a96d101b,P-S6--TDM-3.2,TDM,4.0,3.2,1.2896978855133057,3171142.577904465,5,12,4,3,3171142.577904465,31355.090887,apopt,1,
2026-06-15T05:23:29Z,tdm-501c9f028baa,P-S6--TDM-3.6,TDM,4.0,3.6,0.7213408946990967,3202866.780634009,4,12,4,4,3202866.780634009,31927.262822,apopt,1,
2026-06-15T05:23:29Z,tdm-44242cf6ec1b,P-S6--TDM-4.0,TDM,4.0,4.0,1.2536630630493164,3290802.473781314,5,15,3,4,3290802.473781314,34048.754945,apopt,1,
2026-06-15T05:23:29Z,tdm-01554bce0c99,P-S4--TDM-0.5,TDM,6.0,0.5,62.64796590805054,3278004.7389072706,4,16,3,2,3278004.7389072706,19607.890552281635,couenne,1,
2026-06-15T05:23:29Z,tdm-aa1647d7bb5d,P-S4--TDM-0.9,TDM,6.0,0.9,80.60054206848145,3168981.5344304666,4,16,3,3,3168981.5344304666,21039.56599435125,couenne,1,
2026-06-15T05:23:29Z,tdm-aa57a02fbf83,P-S4--TDM-1.3,TDM,6.0,1.3,49.81945490837097,2931591.161435126,4,13,4,2,2931591.161435126,22740.111899923497,couenne,1,
2026-06-15T05:23:29Z,tdm-0aa259340d83,P-S4--TDM-1.7,TDM,6.0,1.7,51.71152305603027,2980728.1753333597,4,14,3,3,2980728.1753333597,24720.31586580823,couenne,1,
2026-06-15T05:23:29Z,tdm-ec285f95f4e9,P-S4--TDM-2.1,TDM,6.0,2.1,59.916340827941895,2995426.7698662314,4,17,4,3,2995426.7698662314,24706.03335784628,couenne,1,
2026-06-15T05:23:29Z,tdm-0900850f0489,P-S4--TDM-2.4,TDM,6.0,2.4,88.43449687957764,3005536.8263888247,4,17,3,4,3005536.8263888247,26142.71754160973,couenne,1,
2026-06-15T05:23:29Z,tdm-2fd5c8275b36,P-S4--TDM-2.8,TDM,6.0,2.8,92.42801403999329,3022779.5346903694,4,16,3,3,3022779.5346903694,27728.479167323094,couenne,1,
2026-06-15T05:23:29Z,tdm-571cedecca2e,P-S4--TDM-3.2,TDM,6.0,3.2,86.45080900192261,3075843.4581957655,4,15,3,3,3075843.4581957655,29374.9105196898,couenne,1,
2026-06-15T05:23:29Z,tdm-a2632685a9bd,P-S4--TDM-3.6,TDM,6.0,3.6,87.18085408210754,3148671.769662407,4,15,4,5,3148671.769662407,31217.66761987942,couenne,1,
2026-06-15T05:23:29Z,tdm-8e5c521e0185,P-S4--TDM-4.0,TDM,6.0,4.0,73.9058108329773,3191952.7393353507,4,17,4,4,3191952.7393353507,31888.26397453863,couenne,1,
2026-06-15T05:23:29Z,tdm-d9a4e8994fad,P-S3--TDM-0.5,TDM,8.0,0.5,74.32694005966187,3447025.5907711163,3,11,3,4,3447025.5907711163,25171.3720806593,couenne,1,
2026-06-15T05:23:29Z,tdm-4f9c1211a5c1,P-S3--TDM-0.9,TDM,8.0,0.9,82.72003889083862,3369298.7667233,3,13,3,4,3369298.7667233,26453.037059964623,couenne,1,
2026-06-15T05:23:29Z,tdm-3c93a31756f1,P-S3--TDM-1.3,TDM,8.0,1.3,89.37167310714722,3274335.9755884935,3,14,3,5,3274335.9755884935,28292.95720783234,couenne,1,
2026-06-15T05:23:29Z,tdm-e34cf19dfde6,P-S3--TDM-1.7,TDM,8.0,1.7,67.45892691612244,3325573.0754740397,3,13,3,5,3325573.0754740397,30231.200667608373,couenne,1,
2026-06-15T05:23:29Z,tdm-bd4147a18239,P-S3--TDM-2.1,TDM,8.0,2.1,60.04050922393799,3433536.6253592256,3,12,3,5,3433536.6253592256,32161.345627438997,couenne,1,
2026-06-15T05:23:29Z,tdm-3ddaf051ddc5,P-S3--TDM-2.4,TDM,8.0,2.4,69.434650182724,3403882.9111933406,3,12,3,5,3403882.9111933406,33514.193423872275,couenne,1,
2026-06-15T05:23:29Z,tdm-deaccd7a40e0,P-S3--TDM-2.8,TDM,8.0,2.8,65.37819004058838,3472825.868125301,3,13,3,5,3472825.868125301,35106.05616235245,couenne,1,
2026-06-15T05:23:29Z,tdm-c4e55838438c,P-S3--TDM-3.2,TDM,8.0,3.2,66.37654995918274,3539492.2107034465,3,14,4,5,3539492.2107034465,36825.95515401864,couenne,1,
2026-06-15T05:23:29Z,tdm-d29623eb3b80,P-S3--TDM-3.6,TDM,8.0,3.6,54.51312279701233,3585771.483472953,3,12,4,5,3585771.483472953,38428.49342937794,couenne,1,
2026-06-15T05:23:29Z,tdm-8aebebda0f30,P-S3--TDM-4.0,TDM,8.0,4.0,53.86407780647278,3654337.0956658805,3,14,4,5,3654337.0956658805,39683.945946757114,couenne,1,
2026-06-15T05:23:29Z,tdm-7220f632a19e,P-S3--TDM-0.5,TDM,10.0,0.5,53.4164080619812,3276128.424644059,3,11,3,2,3276128.424644059,20643.74584092118,couenne,1,
2026-06-15T05:23:29Z,tdm-41d2fd7b36cf,P-S3--TDM-0.9,TDM,10.0,0.9,72.51906394958496,3123127.413685482,3,11,3,3,3123127.413685482,23027.204063229878,couenne,1,
2026-06-15T05:23:29Z,tdm-a6487a8f7cf8,P-S3--TDM-1.3,TDM,10.0,1.3,87.5561192035675,3023692.8829640863,3,12,3,4,3023692.8829640863,24152.69328508284,couenne,1,
2026-06-15T05:23:29Z,tdm-0837e0315b9b,P-S3--TDM-1.7,TDM,10.0,1.7,100.36785221099854,2981596.4339008373,3,11,3,4,2981596.4339008373,25568.423880385093,couenne,1,
2026-06-15T05:23:29Z,tdm-ef6d476c8e7c,P-S3--TDM-2.1,TDM,10.0,2.1,61.97998404502869,3011623.1649408108,3,11,3,4,3011623.1649408108,27208.52187368518,couenne,1,
2026-06-15T05:23:29Z,tdm-751b1bb5f293,P-S3--TDM-2.4,TDM,10.0,2.4,67.00586700439453,3045292.572126013,3,12,3,3,3045292.572126013,28399.995977457405,couenne,1,
2026-06-15T05:23:29Z,tdm-a6fce21e0a7e,P-S3--TDM-2.8,TDM,10.0,2.8,58.791589975357056,3094491.67886183,3,11,3,3,3094491.67886183,29881.44960400587,couenne,1,
2026-06-15T05:23:29Z,tdm-726d9632d40f,P-S3--TDM-3.2,TDM,10.0,3.2,62.723304986953735,3158481.6723526553,3,10,3,5,3158481.6723526553,31390.61251460683,couenne,1,
2026-06-15T05:23:29Z,tdm-47d86d0a33a1,P-S3--TDM-3.6,TDM,10.0,3.6,65.41271710395813,3222912.42645156,3,13,3,5,3222912.42645156,32768.955081176246,couenne,1,
2026-06-15T05:23:29Z,tdm-2e5c85f1dd97,P-S3--TDM-4.0,TDM,10.0,4.0,64.98743796348572,3288927.6772519704,3,10,3,5,3288927.6772519704,34272.33056581803,couenne,1,
2026-06-15T05:23:29Z,tdm-985837225ec6,P-S4--TDM-0.5,TDM,12.0,0.5,111.07930088043213,3151268.2398229805,4,12,3,3,3151268.2398229805,20216.499279987544,couenne,1,
2026-06-15T05:23:29Z,tdm-bbbab4ce997c,P-S4--TDM-0.9,TDM,12.0,0.9,91.61872005462646,3083926.580652352,4,15,3,2,3083926.580652352,21607.370877305046,couenne,1,
2026-06-15T05:23:29Z,tdm-1f8be065f85f,P-S4--TDM-1.3,TDM,12.0,1.3,84.00751113891602,3008439.1662804135,4,15,3,2,3008439.1662804135,23440.3768346656,couenne,1,
2026-06-15T05:23:29Z,tdm-2ea4d4068786,P-S4--TDM-1.7,TDM,12.0,1.7,90.17787313461304,3034191.482890343,4,12,3,4,3034191.482890343,25462.111407386357,couenne,1,
2026-06-15T05:23:29Z,tdm-b1a28486d591,P-S4--TDM-2.1,TDM,12.0,2.1,82.02368474006653,3065458.6315665827,4,12,3,4,3065458.6315665827,27076.510182358157,couenne,1,
2026-06-15T05:23:29Z,tdm-3afaf9c3bed6,P-S4--TDM-2.4,TDM,12.0,2.4,84.91749572753906,3083096.734934425,4,16,3,3,3083096.734934425,28289.451567324428,couenne,1,
2026-06-15T05:23:29Z,tdm-e380f5c161a8,P-S4--TDM-2.8,TDM,12.0,2.8,68.63601207733154,3170976.481324824,4,15,3,3,3170976.481324824,29701.32287368465,couenne,1,
2026-06-15T05:23:29Z,tdm-1e790bb636f5,P-S4--TDM-3.2,TDM,12.0,3.2,124.13805198669434,3193789.972024206,4,16,4,3,3193789.972024206,31654.314404491593,couenne,1,
2026-06-15T05:23:29Z,tdm-070ad7ea0d35,P-S4--TDM-3.6,TDM,12.0,3.6,87.28715085983276,3223192.9455533316,4,16,4,5,3223192.9455533316,32294.31465198936,couenne,1,
2026-06-15T05:23:29Z,tdm-ddc0fa8de506,P-S4--TDM-4.0,TDM,12.0,4.0,77.45108103752136,3284588.1034476953,4,14,3,5,3284588.1034476953,33910.80051698246,couenne,1,
2026-06-15T05:23:29Z,tdm-98900665dd56,P-S4--TDM-0.9,TDM,14.0,0.9,70.08410215377808,3013838.3902690434,4,12,3,2,3013838.3902690434,21482.29696026621,couenne,1,
2026-06-15T05:23:29Z,tdm-a54944d6b441,P-S4--TDM-1.3,TDM,14.0,1.3,120.82123708724976,2969280.7177481134,4,14,3,2,2969280.7177481134,23345.29940906301,couenne,1,
2026-06-15T05:23:29Z,tdm-4e17409b69de,P-S4--TDM-1.7,TDM,14.0,1.7,167.58847188949585,2974253.4857400237,4,15,3,3,2974253.4857400237,25348.16375040103,couenne,1,
2026-06-15T05:23:29Z,tdm-e0f66ce1624f,P-S4--TDM-2.1,TDM,14.0,2.1,84.80763697624207,2996959.3642249983,4,14,3,3,2996959.3642249983,27237.11798358149,couenne,1,
2026-06-15T05:23:29Z,tdm-c277f384d1b3,P-S4--TDM-2.4,TDM,14.0,2.4,74.86720108985901,3180813.6760449116,4,15,3,4,3180813.6760449116,28446.341772021377,couenne,1,
2026-06-15T05:23:29Z,tdm-f1367de7ea74,P-S4--TDM-2.8,TDM,14.0,2.8,54.8949248790741,3107983.661274461,4,14,4,4,3107983.661274461,30511.68920791371,couenne,1,
2026-06-15T05:23:29Z,tdm-4d4344546331,P-S4--TDM-3.2,TDM,14.0,3.2,51.26176881790161,3191560.4072700664,4,16,4,3,3191560.4072700664,32445.896736458755,couenne,1,
2026-06-15T05:23:29Z,tdm-228ef3e4a373,P-S4--TDM-3.6,TDM,14.0,3.6,53.45625281333923,3251814.744707194,4,13,4,3,3251814.744707194,33942.05293537625,couenne,1,
2026-06-15T05:23:29Z,tdm-823cc4ac917c,P-S4--TDM-4.0,TDM,14.0,4.0,45.42595028877258,3546527.235228325,4,14,4,3,3546527.235228325,35876.47405634281,couenne,1,
2026-06-15T05:23:29Z,tdm-3b1b6559399d,P-S4--TDM-0.9,TDM,16.0,0.9,29.393738985061646,2964140.2325159633,4,12,3,2,2964140.2325159633,21580.747775952543,couenne,1,
2026-06-15T05:23:29Z,tdm-bd5577638158,P-S4--TDM-1.3,TDM,16.0,1.3,60.342421770095825,2948004.483695717,4,14,3,4,2948004.483695717,23479.109029030056,couenne,1,
2026-06-15T05:23:29Z,tdm-26e8e654998b,P-S4--TDM-1.7,TDM,16.0,1.7,70.15151691436768,2958246.3111879914,4,12,3,3,2958246.3111879914,25802.935192433702,couenne,1,
2026-06-15T05:23:29Z,tdm-d1f45fe1a33a,P-S4--TDM-2.1,TDM,16.0,2.1,49.24081897735596,2983965.3910616427,4,11,3,3,2983965.3910616427,27572.5198863591,couenne,1,
2026-06-15T05:23:29Z,tdm-325135093031,P-S4--TDM-3.6,TDM,16.0,3.6,57.361884117126465,3233176.8325884766,4,11,4,3,3233176.8325884766,33898.47491859717,couenne,1,
2026-06-15T05:23:29Z,tdm-ac973be4c15d,P-S4--TDM-4.0,TDM,16.0,4.0,52.08118176460266,3319606.067045683,4,13,4,4,3319606.067045683,35408.69606904496,couenne,1,
2026-06-15T05:23:29Z,tdm-6e4d90aa12d5,P-S4--TDM-0.5,TDM,18.0,0.5,77.33413410186768,3306041.680273831,4,15,3,3,3306041.680273831,18817.121224639763,couenne,1,
2026-06-15T05:23:29Z,tdm-48d7796d3b34,P-S4--TDM-0.9,TDM,18.0,0.9,73.7392098903656,3090885.000130847,4,15,3,2,3090885.000130847,20145.58409300087,couenne,1,
2026-06-15T05:23:29Z,tdm-06f2b24f9f22,P-S4--TDM-1.3,TDM,18.0,1.3,86.91908097267151,2960236.191279407,4,16,3,4,2960236.191279407,21727.245016832756,couenne,1,
2026-06-15T05:23:29Z,tdm-074c2e6997e3,P-S4--TDM-1.7,TDM,18.0,1.7,72.11947989463806,2932067.745062034,4,17,3,5,2932067.745062034,23255.46328603817,couenne,1,
2026-06-15T05:23:29Z,tdm-a712063655d4,P-S4--TDM-2.1,TDM,18.0,2.1,93.60558700561523,2922859.423216113,4,14,3,4,2922859.423216113,25138.434331541546,couenne,1,
2026-06-15T05:23:29Z,tdm-6d3747770b49,P-S4--TDM-2.4,TDM,18.0,2.4,97.31402111053467,2947227.3537996626,4,16,4,3,2947227.3537996626,26239.96264030357,couenne,1,
2026-06-15T05:23:29Z,tdm-8e4c961ad387,P-S4--TDM-2.8,TDM,18.0,2.8,104.64893913269043,3000534.373669972,4,15,4,3,3000534.373669972,28375.452504564866,couenne,1,
2026-06-15T05:23:29Z,tdm-053635534356,P-S4--TDM-3.2,TDM,18.0,3.2,76.79197716712952,3056953.2703538486,4,13,3,3,3056953.2703538486,30048.425755725155,couenne,1,
2026-06-15T05:23:29Z,tdm-c72334680db8,P-S4--TDM-3.6,TDM,18.0,3.6,76.5193829536438,3119847.9252021583,4,12,4,3,3119847.9252021583,31725.921003862462,couenne,1,
2026-06-15T05:23:29Z,tdm-e8cef7487515,P-S4--TDM-4.0,TDM,18.0,4.0,0.4057137966156006,3219531.350215749,3,12,4,4,3219531.350215749,33067.648897,apopt,1,
2026-06-15T05:23:29Z,tdm-361bc3385613,P-S3--TDM-0.5,TDM,20.0,0.5,30.491816997528076,3504270.8570847027,3,10,3,4,3504270.8570847027,24171.80803808264,couenne,1,
2026-06-15T05:23:29Z,tdm-685ceed8badb,P-S3--TDM-0.9,TDM,20.0,0.9,20.680665969848633,3339660.158635466,3,13,4,4,3339660.158635466,26129.05578760967,couenne,1,
2026-06-15T05:23:29Z,tdm-75af5fd10f25,P-S3--TDM-1.3,TDM,20.0,1.3,32.22523903846741,3253864.9446134856,3,13,3,5,3253864.9446134856,27262.427756781348,couenne,1,
2026-06-15T05:23:29Z,tdm-074d547231bc,P-S3--TDM-1.7,TDM,20.0,1.7,43.338172912597656,3243768.928403995,3,13,3,5,3243768.928403995,28599.224337449385,couenne,1,
2026-06-15T05:23:29Z,tdm-b9b1e269206d,P-S3--TDM-2.1,TDM,20.0,2.1,26.744447231292725,3278410.119652459,3,12,4,5,3278410.119652459,30859.03203604303,couenne,1,
2026-06-15T05:23:29Z,tdm-2fb042941f3f,P-S3--TDM-2.4,TDM,20.0,2.4,25.31024718284607,3304738.9319536514,3,12,4,5,3304738.9319536514,32078.772372108113,couenne,1,
2026-06-15T05:23:29Z,tdm-047e841c0acc,P-S3--TDM-2.8,TDM,20.0,2.8,23.230690002441406,3356772.462000804,3,10,4,5,3356772.462000804,33945.79355003787,couenne,1,
2026-06-15T05:23:29Z,tdm-05a780f1cff6,P-S3--TDM-3.2,TDM,20.0,3.2,27.953810930252075,3430318.0474238656,3,11,4,5,3430318.0474238656,35707.212046036424,couenne,1,
2026-06-15T05:23:29Z,tdm-e6b94247f034,P-S3--TDM-3.6,TDM,20.0,3.6,30.128504037857056,3505033.9913761597,3,11,4,5,3505033.9913761597,37469.12061862469,couenne,1,
2026-06-15T05:23:29Z,tdm-c35ba799ddc7,P-S3--TDM-4.0,TDM,20.0,4.0,29.855273962020874,3587054.69189932,3,10,4,5,3587054.69189932,39237.60103790596,couenne,1,
2026-06-15T05:23:29Z,esm-664bcd829ca0,P-S3-Synheat-Iso-NLP,ESM,2.0,0.5,0.45804786682128906,2951970.5012392113,3,10,3,2,2951970.5012392113,2922485.3297797358,ipopt-pyomo,1,
2026-06-15T05:23:29Z,esm-7fd456fc4878,P-S4-Synheat-Iso-NLP,ESM,2.0,1.7,0.6645381450653076,2967203.949453262,4,9,3,2,2967203.949453262,2939801.833007279,ipopt-pyomo,1,
2026-06-15T05:23:29Z,esm-f34a9f23f39a,P-S4-Synheat-Iso-NLP,ESM,2.0,2.1,0.6857588291168213,2963240.588266106,4,10,3,2,2963240.588266106,2933686.2202141127,ipopt-pyomo,1,
2026-06-15T05:23:29Z,esm-35da6bd709ce,P-S4-Synheat-Iso-NLP,ESM,2.0,2.4,0.6693100929260254,2950461.123718428,4,10,3,2,2950461.123718428,2917604.51974594,ipopt-pyomo,1,
2026-06-15T05:23:29Z,esm-d66f3fd134aa,P-S4-Synheat-Iso-NLP,ESM,2.0,2.8,0.6759850978851318,2957348.9313455685,4,12,3,2,2957348.9313455685,2923728.7703841846,ipopt-pyomo,1,
2026-06-15T05:23:29Z,esm-87cb08133605,P-S4-Synheat-Iso-NLP,ESM,2.0,3.2,0.4873039722442627,2957912.1912125293,4,10,3,2,2957912.1912125293,2928304.001826282,ipopt-pyomo,1,
2026-06-15T05:23:29Z,esm-6b176588c9e9,P-S4-Synheat-Iso-NLP,ESM,2.0,3.6,1.6250739097595215,2957912.1912125293,4,10,3,2,2957912.1912125293,2924537.950867339,ipopt-pyomo,1,
2026-06-15T05:23:29Z,esm-937c2ce3e131,P-S4-Synheat-Iso-NLP,ESM,2.0,4.0,0.5501818656921387,3026006.8616528586,4,9,3,2,3026006.8616528586,2998600.7712348723,ipopt-pyomo,1,
2026-06-15T05:23:29Z,esm-d669303d818e,P-S5-Synheat-Iso-NLP,ESM,4.0,1.3,0.4431028366088867,2957248.696393365,5,10,3,2,2957248.696393365,2927473.5460177506,ipopt-pyomo,1,
2026-06-15T05:23:29Z,esm-aa49ec817414,P-S5-Synheat-Iso-NLP,ESM,4.0,1.7,0.5802769660949707,2982158.6007623025,5,12,3,2,2982158.6007623025,2948521.5027878033,ipopt-pyomo,1,
2026-06-15T05:23:29Z,esm-b289ff09e86b,P-S4-Synheat-Iso-NLP,ESM,4.0,2.1,0.3639512062072754,2948694.1061452357,4,8,3,2,2948694.1061452357,2922902.515449854,ipopt-pyomo,1,
2026-06-15T05:23:29Z,esm-17d592546f6b,P-S4-Synheat-Iso-NLP,ESM,4.0,2.4,0.7972719669342041,2954184.084197724,4,12,3,3,2954184.084197724,2919678.7670072843,ipopt-pyomo,1,
2026-06-15T05:23:29Z,esm-e1b0c874f3b1,P-S5-Synheat-Iso-NLP,ESM,4.0,2.8,0.30661773681640625,2960003.6698040427,5,10,3,3,2960003.6698040427,2928283.990172584,ipopt-pyomo,1,
2026-06-15T05:23:29Z,esm-884f855c9d65,P-S5-Synheat-Iso-NLP,ESM,4.0,3.2,0.31059694290161133,2963413.062138585,5,10,3,2,2963413.062138585,2933779.288565829,ipopt-pyomo,1,
2026-06-15T05:23:29Z,esm-6471c2959c7a,P-S4-Synheat-Iso-NLP,ESM,4.0,3.6,0.40530896186828613,3057825.598823539,4,7,3,3,3057825.598823539,3035231.89245756,ipopt-pyomo,1,
2026-06-15T05:23:29Z,esm-f32a9f0e0b96,P-S5-Synheat-Iso-NLP,ESM,4.0,4.0,0.31501293182373047,2963951.2128604595,5,11,3,2,2963951.2128604595,2932257.4483288904,ipopt-pyomo,1,
2026-06-15T05:23:29Z,esm-2d6b13d6e771,P-S4-Synheat-Iso-NLP,ESM,6.0,0.5,3.5124380588531494,2916917.4837117717,4,12,3,2,2916917.4837117717,2891187.197200441,ipopt-pyomo,1,
2026-06-15T05:23:29Z,esm-40cf4001195e,P-S4-Synheat-Iso-NLP,ESM,6.0,0.9,1.3184781074523926,2951798.177648552,4,11,3,2,2951798.177648552,2920388.453866782,ipopt-pyomo,1,
2026-06-15T05:23:29Z,esm-082c11e210a0,P-S4-Synheat-Iso-NLP,ESM,6.0,1.7,0.578129768371582,2962004.1594440984,4,10,3,2,2962004.1594440984,2934633.05929723,ipopt-pyomo,1,
2026-06-15T05:23:29Z,esm-1b83ca403d68,P-S4-Synheat-Iso-NLP,ESM,6.0,2.1,0.5291671752929688,2947465.357060617,4,7,3,2,2947465.357060617,2922796.336362432,ipopt-pyomo,1,
2026-06-15T05:23:29Z,esm-6926b007a68a,P-S4-Synheat-Iso-NLP,ESM,6.0,2.4,0.8747901916503906,2938956.1403548787,4,12,3,2,2938956.1403548787,2905619.144209903,ipopt-pyomo,1,
2026-06-15T05:23:29Z,esm-2eebf42f8dac,P-S4-Synheat-Iso-NLP,ESM,6.0,2.8,0.3533012866973877,3030273.064585414,4,13,3,2,3030273.064585414,2995447.8395161396,ipopt-pyomo,1,
2026-06-15T05:23:29Z,esm-4b9455477722,P-S4-Synheat-Iso-NLP,ESM,6.0,3.2,1.633120059967041,2952907.6086212355,4,12,3,2,2952907.6086212355,2915599.5328952386,ipopt-pyomo,1,
2026-06-15T05:23:29Z,esm-7572df34b27c,P-S4-Synheat-Iso-NLP,ESM,6.0,3.6,0.5337307453155518,2948997.710507261,4,10,3,2,2948997.710507261,2919865.942280476,ipopt-pyomo,1,
2026-06-15T05:23:29Z,esm-e08ac1da59a8,P-S4-Synheat-Iso-NLP,ESM,6.0,4.0,2.0407233238220215,2943750.108864363,4,10,3,2,2943750.108864363,2913772.665495314,ipopt-pyomo,1,
2026-06-15T05:23:29Z,esm-5fc702f95fe9,P-S3-Synheat-Iso-NLP,ESM,8.0,0.9,0.4216458797454834,2972152.6646302207,3,8,3,2,2972152.6646302207,3239050.25499767,ipopt-pyomo,1,
2026-06-15T05:23:29Z,esm-6605aff1eac5,P-S3-Synheat-Iso-NLP,ESM,8.0,1.3,0.9614598751068115,2942311.2010581717,3,8,3,2,2942311.2010581717,3221379.6428353507,ipopt-pyomo,1,
2026-06-15T05:23:29Z,esm-78e0eb39e1f4,P-S3-Synheat-Iso-NLP,ESM,8.0,1.7,2.3038992881774902,2979242.785644533,3,8,3,3,2979242.785644533,3293366.300894329,ipopt-pyomo,1,
2026-06-15T05:23:29Z,esm-c62dc798d9ef,P-S3-Synheat-Iso-NLP,ESM,8.0,2.1,0.3430440425872803,2963812.8426772305,3,9,3,2,2963812.8426772305,3265280.410600154,ipopt-pyomo,1,
2026-06-15T05:23:29Z,esm-59939544155b,P-S3-Synheat-Iso-NLP,ESM,8.0,2.4,0.43581080436706543,2963934.37203405,3,8,3,2,2963934.37203405,3234490.0474901735,ipopt-pyomo,1,
2026-06-15T05:23:29Z,esm-895aa571c8ba,P-S3-Synheat-Iso-NLP,ESM,8.0,2.8,0.399960994720459,2914004.160475116,3,7,3,2,2914004.160475116,3236267.3399108895,ipopt-pyomo,1,
2026-06-15T05:23:29Z,esm-89bcdf816dee,P-S3-Synheat-Iso-NLP,ESM,8.0,3.2,0.3868849277496338,2969889.825037167,3,7,3,2,2969889.825037167,3244150.4724071654,ipopt-pyomo,1,
2026-06-15T05:23:29Z,esm-738a3224d382,P-S3-Synheat-Iso-NLP,ESM,8.0,3.6,0.5324840545654297,2946660.300347254,3,9,3,3,2946660.300347254,3232124.360911588,ipopt-pyomo,1,
2026-06-15T05:23:29Z,esm-ce23f3c0fef2,P-S3-Synheat-Iso-NLP,ESM,8.0,4.0,0.4451580047607422,3053657.213357564,3,7,3,3,3053657.213357564,3276287.554852228,ipopt-pyomo,1,
2026-06-15T05:23:29Z,esm-31a983895c5f,P-S3-Synheat-Iso-NLP,ESM,10.0,0.5,0.3888847827911377,2980137.066296233,3,11,3,2,2980137.066296233,2974880.7668569847,ipopt-pyomo,1,
2026-06-15T05:23:29Z,esm-08705c8b6ee9,P-S3-Synheat-Iso-NLP,ESM,10.0,0.9,0.3126258850097656,2976622.6558657633,3,8,3,2,2976622.6558657633,2948679.500706526,ipopt-pyomo,1,
2026-06-15T05:23:29Z,esm-3794578fb6ec,P-S3-Synheat-Iso-NLP,ESM,10.0,1.3,0.7808310985565186,2946708.6953496193,3,10,3,2,2946708.6953496193,2916888.08270857,ipopt-pyomo,1,
2026-06-15T05:23:29Z,esm-6cd36689de27,P-S3-Synheat-Iso-NLP,ESM,10.0,1.7,0.6128761768341064,2946493.031118435,3,7,3,2,2946493.031118435,2922773.7679814305,ipopt-pyomo,1,
2026-06-15T05:23:29Z,esm-5f0966adab15,P-S3-Synheat-Iso-NLP,ESM,10.0,2.1,0.4037790298461914,2950310.6035487745,3,8,3,2,2950310.6035487745,2922752.937004863,ipopt-pyomo,1,
2026-06-15T05:23:29Z,esm-9c0fc8be0925,P-S3-Synheat-Iso-NLP,ESM,10.0,2.4,0.38016200065612793,2950310.605332839,3,8,3,2,2950310.605332839,2923183.4348623315,ipopt-pyomo,1,
2026-06-15T05:23:29Z,esm-d17c6fd83d96,P-S3-Synheat-Iso-NLP,ESM,10.0,2.8,0.22232604026794434,2950310.6035487745,3,8,3,2,2950310.6035487745,2949851.854307449,ipopt-pyomo,1,
2026-06-15T05:23:29Z,esm-6c2461772c6d,P-S3-Synheat-Iso-NLP,ESM,10.0,3.2,0.26629209518432617,2950310.6035487745,3,8,3,2,2950310.6035487745,2923964.5139666917,ipopt-pyomo,1,
2026-06-15T05:23:29Z,esm-7008041a760b,P-S3-Synheat-Iso-NLP,ESM,10.0,3.6,0.5084609985351562,2947599.754642829,3,8,3,2,2947599.754642829,2920348.3120090095,ipopt-pyomo,1,
2026-06-15T05:23:29Z,esm-7363ee010025,P-S3-Synheat-Iso-NLP,ESM,10.0,4.0,0.29180312156677246,2947599.7523974692,3,8,3,2,2947599.7523974692,2922045.9000560767,ipopt-pyomo,1,
2026-06-15T05:23:29Z,esm-14042ba28ab1,P-S4-Synheat-Iso-NLP,ESM,12.0,0.9,1.6845009326934814,2969975.357817184,4,9,3,2,2969975.357817184,2949280.745634647,ipopt-pyomo,1,
2026-06-15T05:23:29Z,esm-8e72224730a2,P-S4-Synheat-Iso-NLP,ESM,12.0,1.3,0.5164921283721924,2981822.519205816,4,13,3,2,2981822.519205816,2946557.663780413,ipopt-pyomo,1,
2026-06-15T05:23:29Z,esm-38f83b92b45f,P-S4-Synheat-Iso-NLP,ESM,12.0,1.7,0.3989419937133789,2970743.9567740276,4,11,3,2,2970743.9567740276,2939382.578972341,ipopt-pyomo,1,
2026-06-15T05:23:29Z,esm-4a06ea76378c,P-S4-Synheat-Iso-NLP,ESM,12.0,2.1,0.3406867980957031,2953585.9214842916,4,9,3,2,2953585.9214842916,2927295.357660633,ipopt-pyomo,1,
2026-06-15T05:23:29Z,esm-661c66f875ce,P-S4-Synheat-Iso-NLP,ESM,12.0,2.4,1.244722843170166,2964493.553324607,4,12,3,2,2964493.553324607,2931004.080058376,ipopt-pyomo,1,
2026-06-15T05:23:29Z,esm-c2550909b6d2,P-S4-Synheat-Iso-NLP,ESM,12.0,2.8,0.6643929481506348,2954074.899317275,4,14,3,2,2954074.899317275,2917475.738500634,ipopt-pyomo,1,
2026-06-15T05:23:29Z,esm-831225b59d83,P-S4-Synheat-Iso-NLP,ESM,12.0,3.2,0.7812600135803223,3043247.5796992346,4,8,3,2,3043247.5796992346,3019776.665898764,ipopt-pyomo,1,
2026-06-15T05:23:29Z,esm-e9cf2e7fa964,P-S4-Synheat-Iso-NLP,ESM,12.0,3.6,0.42898082733154297,2968835.768914848,4,11,3,2,2968835.768914848,2935081.833038799,ipopt-pyomo,1,
2026-06-15T05:23:29Z,esm-b7d4e9568787,P-S4-Synheat-Iso-NLP,ESM,12.0,4.0,1.5841701030731201,2952407.661974077,4,11,3,2,2952407.661974077,2921241.9382244144,ipopt-pyomo,1,
2026-06-15T05:23:29Z,esm-31ca3bf6a6db,P-S4-Synheat-Iso-NLP,ESM,14.0,0.9,0.3823509216308594,2956970.4529182445,4,10,3,3,2956970.4529182445,2926608.8988173916,ipopt-pyomo,1,
2026-06-15T05:23:29Z,esm-b275709b9e37,P-S4-Synheat-Iso-NLP,ESM,14.0,1.3,1.5535287857055664,2967291.807896431,4,11,3,4,2967291.807896431,2940935.8313185205,ipopt-pyomo,1,
2026-06-15T05:23:29Z,esm-95cb820a539f,P-S4-Synheat-Iso-NLP,ESM,14.0,1.7,1.0282728672027588,2921283.739119653,4,11,3,2,2921283.739119653,2897523.225999929,ipopt-pyomo,1,
2026-06-15T05:23:29Z,esm-07c48e239125,P-S4-Synheat-Iso-NLP,ESM,14.0,2.1,0.8895070552825928,2941030.5911874073,4,12,3,2,2941030.5911874073,2915551.453717773,ipopt-pyomo,1,
2026-06-15T05:23:29Z,esm-4563ed6a8bc5,P-S4-Synheat-Iso-NLP,ESM,16.0,1.3,1.4257991313934326,2911054.604001431,4,12,3,3,2911054.604001431,2883316.9715108154,ipopt-pyomo,1,
2026-06-15T05:23:29Z,esm-5a37f62f9a93,P-S4-Synheat-Iso-NLP,ESM,16.0,1.7,1.2558770179748535,2915498.158397096,4,12,3,2,2915498.158397096,2889678.1943554236,ipopt-pyomo,1,
2026-06-15T05:23:29Z,esm-b233d2cd0d7c,P-S4-Synheat-Iso-NLP,ESM,16.0,2.1,0.46174097061157227,2917052.020796607,4,10,3,3,2917052.020796607,2892661.3285679566,ipopt-pyomo,1,
2026-06-15T05:23:29Z,esm-1462e56f3547,P-S4-Synheat-Iso-NLP,ESM,18.0,0.5,1.7893500328063965,2913910.7177232807,4,11,3,2,2913910.7177232807,2889726.9233779293,ipopt-pyomo,1,
2026-06-15T05:23:29Z,esm-187ea46995ce,P-S4-Synheat-Iso-NLP,ESM,18.0,1.7,4.404349088668823,2905807.275299348,4,11,3,3,2905807.275299348,2879016.640763994,ipopt-pyomo,1,
2026-06-15T05:23:29Z,esm-2d980d7a8aaa,P-S4-Synheat-Iso-NLP,ESM,18.0,2.1,0.714897871017456,2913909.172899047,4,11,3,2,2913909.172899047,2889852.820559526,ipopt-pyomo,1,
2026-06-15T05:23:29Z,esm-aedf96372f28,P-S4-Synheat-Iso-NLP,ESM,18.0,2.4,0.995103120803833,2918777.872083728,4,10,3,3,2918777.872083728,2894148.387889432,ipopt-pyomo,1,
2026-06-15T05:23:29Z,esm-68b498c28197,P-S3-Synheat-Iso-NLP,ESM,18.0,4.0,0.37524986267089844,2954844.749379795,3,11,3,2,2954844.749379795,2924392.9904229995,ipopt-pyomo,1,
2026-06-15T05:23:29Z,esm-957b081c7cc3,P-S3-Synheat-Iso-NLP,ESM,20.0,0.5,0.25320887565612793,3564528.3935105763,3,6,3,3,3564528.3935105763,4105148.144127192,ipopt-pyomo,1,
2026-06-15T05:23:29Z,esm-40f4686833ab,P-S3-Synheat-Iso-NLP,ESM,20.0,0.9,0.8794069290161133,2965414.0465841847,3,11,3,3,2965414.0465841847,3211335.016723744,ipopt-pyomo,1,
2026-06-15T05:23:29Z,esm-5408b6dbc3ca,P-S3-Synheat-Iso-NLP,ESM,20.0,1.3,0.4584939479827881,2974198.1014989438,3,5,3,4,2974198.1014989438,3223752.4377498864,ipopt-pyomo,1,
2026-06-15T05:23:29Z,esm-bea19e23f0b7,P-S3-Synheat-Iso-NLP,ESM,20.0,1.7,0.41868019104003906,2974879.4984781737,3,9,3,4,2974879.4984781737,3220209.203363073,ipopt-pyomo,1,
2026-06-15T05:23:29Z,esm-608b0871d51c,P-S3-Synheat-Iso-NLP,ESM,20.0,2.1,1.061182975769043,3032167.1080150744,3,10,3,2,3032167.1080150744,3191911.653424286,ipopt-pyomo,1,
2026-06-15T05:23:29Z,esm-2390b96f3f8a,P-S3-Synheat-Iso-NLP,ESM,20.0,2.4,0.6064841747283936,2921673.3381966366,3,10,3,3,2921673.3381966366,3215522.2895735167,ipopt-pyomo,1,
